0,SansAnimation,,,,,,,,
0,SansHead,ClosedEyes,,,,,,,
0,SansText,ready?,,,,,,,
0,BlackScreen,1,,,,,,,
0,Sound,Flash,,,,,,,
0.06666,BlackScreen,0,,,,,,,
0,Sound,Flash,,,,,,,
0,CombatZoneResizeInstant,239,226,404,391,,,,
0,HeartTeleport,320,304,,,,,,
0,HeartMode,1,,,,,,,

0,SansBody,HandDown,,,,,,,
0,SansSlam,1,
0.1,BoneStab,0,60,0.5,0.1,
0,BoneStab,1,60,0.5,0.1,
0,BoneStab,2,60,0.5,0.1,
0,BoneStab,3,60,0.5,0.1,

1,SansBody,HandRight,,,,,,,
0,SansSlam,0,
0.1555,BoneStab,0,70,0.5,0.1,
0,BoneStab,1,75,0.5,0.1,
0,BoneStab,2,50,0.5,0.1,
0,BoneStab,3,45,0.5,0.1,

1,SansBody,HandUp,,,,,,,
0,SansSlam,3,
0.1,BoneStab,0,65,0.5,0.1,
0,BoneStab,1,65,0.5,0.1,
0,BoneStab,2,65,0.5,0.1,
0,BoneStab,3,65,0.5,0.1,

1,SansBody,Handleft,,,,,,,
0,SansSlam,2,
0,GasterBlaster,1,0,0,259,166,90,4.5,0.26666
0,GasterBlaster,1,640,480,379,446,270,4.5,0.26666
0.5,SineBones,100,15,400,50




5,SansBody,HandRight,,,,,,,
0.2,HeartMaxFallSpeed,450,,,,,,,
0,SansSlam,0,,,,,,,
0,CombatZoneResizeInstant,241,226,449,391,,,,
0,CombatZoneSpeed,900,,,,,,,
0,CombatZoneResize,241,226,650,391,,,,
0.33333,HeartMaxFallSpeed,-300,,,,,,,
0,SansAnimation,Idle,,,,,,,
0,SansRepeat,,,,,,,,
0,CombatZoneResize,-10,226,650,391,,,,
0.3,CombatZoneSpeed,30,,,,,,,
0,CombatZoneResize,-10,264,650,369,,,,
0.9,GetHeartPos,HeartX,HeartY,,,,,,
0,HeartTeleport,40,$HeartY,,,,,,
0,HeartMaxFallSpeed,0,,,,,,,
0,SansSlam,0,,,,,,,
0,BlackScreen,1,,,,,,,
0,Sound,Flash,,,,,,,
1,BlackScreen,0,,,,,,,

0,SansAnimation,Tired,
0,SansEndRepeat,
0,SansX,320
0,CombatZoneResizeInstant,113,231,548,391,TLResume,,
0,HeartTeleport,320,306,,,,,
0,HeartMode,0,,,,,,
0,CombatZoneSpeed,400,
0.5,CombatZoneResize,313,231,348,391,TLResume,,
0.1,CombatZoneSpeed,200,
1,CombatZoneResize,283,231,388,391,TLResume,,
0.1,CombatZoneSpeed,60,

1,CombatZoneResize,283,231,388,391,TLResume,,
0,SineBones,30,10,65,50,


0.7,CombatZoneResize,183,231,288,391,TLResume,,
0,SansTorso,Default
0,SansHead,LookLeft,
1.7,CombatZoneResize,183,231,548,391,TLResume,,

1,GasterBlaster,0,0,0,164,180,84,4,1
0,GasterBlaster,0,0,0,244,167,108,4,1

0.5,GasterBlaster,0,0,0,364,130,94,4,1
0,GasterBlaster,0,0,0,244,147,33,4,1
0,GasterBlaster,0,0,0,300,157,85,4,1

0.5,GetHeartPos,HeartX,HeartY,,,,,,
0,ANGLE,Ang,$EndX,$EndY,$HeartX,$HeartY,,,
0,GasterBlaster,1,$X,$Y,300,160,62,4,1

6,SansTorso,Shrug,
0,SansHead,ClosedEyes,
0,SansText,you won't give up that                    easily will you?
0,EndAttack,,,,,,,,,,,,,,









